{"stats":{"minecraft:dropped":{"zombierool:path":1,"zombierool:der_wunderfizz":1,"minecraft:spruce_planks":1,"minecraft:spruce_log":1,"zombierool:buy_wall_weapon":1,"zombierool:storage_box":1},"minecraft:used":{"zombierool:buy_wall_weapon":1,"minecraft:spruce_planks":4,"zombierool:der_wunderfizz":2,"minecraft:spruce_log":1,"zombierool:storage_box":1,"zombierool:path":7},"minecraft:custom":{"minecraft:jump":12,"minecraft:time_since_rest":3033,"minecraft:leave_game":1,"minecraft:crouch_one_cm":193,"minecraft:sprint_one_cm":3719,"minecraft:play_time":3033,"minecraft:time_since_death":3033,"minecraft:walk_one_cm":7661,"minecraft:sneak_time":208,"minecraft:total_world_time":3141,"minecraft:drop":6,"minecraft:fly_one_cm":44708}},"DataVersion":3465}