{"stats":{"minecraft:custom":{"minecraft:mob_kills":12,"minecraft:leave_game":18,"minecraft:time_since_death":30303,"minecraft:sleep_in_bed":1,"minecraft:damage_resisted":42,"minecraft:time_since_rest":30340,"minecraft:sprint_one_cm":444146,"minecraft:walk_one_cm":536481,"minecraft:damage_taken":160,"minecraft:damage_absorbed":428,"minecraft:drop":82,"minecraft:damage_dealt":40,"minecraft:fly_one_cm":2882419,"minecraft:crouch_one_cm":6980,"minecraft:play_time":512395,"minecraft:deaths":1,"minecraft:sneak_time":9753,"minecraft:jump":1048,"minecraft:total_world_time":521205,"minecraft:fall_one_cm":5861},"minecraft:mined":{"zombierool:deco_planks":209,"minecraft:spruce_planks":15,"zombierool:restrict":7,"zombierool:carved_stone":21,"minecraft:snow_block":701,"minecraft:spruce_trapdoor":2,"minecraft:grass_block":227,"minecraft:spruce_fence":3,"minecraft:spruce_leaves":13,"minecraft:spruce_stairs":6,"minecraft:oak_trapdoor":22,"minecraft:stripped_spruce_wood":118,"minecraft:spruce_log":457,"minecraft:stripped_spruce_log":2,"zombierool:permafrost_ice":20,"zombierool:path":21,"zombierool:retro_cobblestone":62,"minecraft:dirt":23,"minecraft:stone":100},"minecraft:used":{"zombierool:carved_stone":34,"minecraft:oak_fence":2,"minecraft:oak_trapdoor":57,"zombierool:spawner_zombie":43,"zombierool:ammo_crate":1,"zombierool:der_wunderfizz":6,"minecraft:cobblestone_stairs":7,"minecraft:snow_block":485,"zombierool:punch_pack":1,"minecraft:spruce_slab":86,"zombierool:steel_slate":8,"minecraft:oak_planks":7,"minecraft:andesite_slab":20,"zombierool:obstacle_door":47,"zombierool:power_switch":1,"minecraft:ender_pearl":10,"zombierool:traitor":1,"minecraft:spruce_planks":179,"minecraft:stone":24,"minecraft:redstone_block":3,"zombierool:storage_box":177,"minecraft:quartz_stairs":10,"minecraft:player_head":9,"minecraft:white_wool":2,"zombierool:perks_lower":10,"minecraft:debug_stick":6,"minecraft:spruce_leaves":3,"zombierool:haunted_window":6,"minecraft:orange_carpet":3,"minecraft:oak_slab":41,"zombierool:darkbrick_stairs":4,"zombierool:restrict":1161,"minecraft:spruce_stairs":70,"zombierool:buy_wall_weapon":13,"minecraft:blast_furnace":1,"minecraft:cobblestone_wall":2,"zombierool:deco_planks":12,"minecraft:pink_carpet":3,"minecraft:spruce_fence":60,"minecraft:spruce_log":282,"minecraft:stripped_spruce_log":11,"minecraft:redstone_torch":9,"zombierool:activator":20,"minecraft:black_concrete":43,"minecraft:birch_fence_gate":1,"zombierool:squarefloor":20,"minecraft:red_wool":4,"minecraft:iron_block":15,"zombierool:punch_pack_corpse":25,"zombierool:retro_cobblestone":53,"minecraft:command_block":7,"minecraft:spruce_wood":10,"minecraft:lantern":15,"minecraft:grass_block":77,"minecraft:oak_stairs":34,"minecraft:oak_button":1,"minecraft:barrier":3,"minecraft:quartz_block":6,"zombierool:defense_door":23,"minecraft:spruce_trapdoor":73,"minecraft:smooth_quartz":17,"minecraft:iron_door":1,"zombierool:player_spawner":12,"minecraft:spruce_sapling":354,"zombierool:zombie_pass":31,"zombierool:haunted_planks":11,"minecraft:redstone_lamp":2,"minecraft:cobblestone":39,"minecraft:snow":286,"zombierool:zombie_spawn_egg":12,"zombierool:path":1072,"minecraft:white_banner":21,"minecraft:andesite_stairs":13,"minecraft:andesite":8,"minecraft:enchanted_golden_apple":2,"minecraft:stripped_spruce_wood":36},"minecraft:dropped":{"zombierool:path":10,"minecraft:snow_block":3,"minecraft:oak_trapdoor":1,"minecraft:player_head":2,"zombierool:buy_wall_weapon":1,"zombierool:storage_box":1,"minecraft:ender_pearl":12,"zombierool:five_seven_weapon":1,"minecraft:cobblestone":1,"zombierool:permafrost_grass":1,"minecraft:enchanted_golden_apple":62,"zombierool:perks_lower":2,"zombierool:kar_98k_weapon":1,"minecraft:command_block":1,"zombierool:m_1911_weapon":1,"zombierool:restrict":10,"zombierool:zombie_spawn_egg":1,"zombierool:deco_planks":2,"minecraft:spruce_stairs":2,"zombierool:spawner_zombie":2,"minecraft:spruce_fence":1,"zombierool:glock_weapon":1,"zombierool:obstacle_door":3,"minecraft:iron_block":1,"zombierool:mystery_box":2,"zombierool:fnfal_weapon":1,"minecraft:spruce_planks":5,"minecraft:spruce_trapdoor":2,"zombierool:player_spawner":1,"minecraft:spruce_log":4,"zombierool:carved_stone":1,"minecraft:stripped_spruce_wood":3,"zombierool:activator":3,"zombierool:retro_cobblestone":1},"minecraft:killed":{"zombierool:zombie":12}},"DataVersion":3465}