{"stats":{"minecraft:killed":{"zombierool:zombie":12},"minecraft:custom":{"minecraft:mob_kills":12,"minecraft:leave_game":17,"minecraft:time_since_death":16106,"minecraft:sleep_in_bed":1,"minecraft:damage_resisted":42,"minecraft:time_since_rest":16143,"minecraft:sprint_one_cm":413910,"minecraft:walk_one_cm":505611,"minecraft:damage_taken":160,"minecraft:damage_absorbed":428,"minecraft:drop":70,"minecraft:damage_dealt":40,"minecraft:fly_one_cm":2793102,"minecraft:crouch_one_cm":6869,"minecraft:play_time":498198,"minecraft:deaths":1,"minecraft:sneak_time":9519,"minecraft:jump":1015,"minecraft:total_world_time":506894,"minecraft:fall_one_cm":5861},"minecraft:dropped":{"zombierool:path":9,"minecraft:snow_block":2,"zombierool:pistolet_laser_weapon":1,"minecraft:oak_trapdoor":1,"minecraft:player_head":2,"zombierool:buy_wall_weapon":1,"minecraft:ender_pearl":12,"zombierool:five_seven_weapon":1,"minecraft:cobblestone":1,"zombierool:permafrost_grass":1,"minecraft:enchanted_golden_apple":62,"zombierool:perks_lower":1,"zombierool:kar_98k_weapon":1,"minecraft:command_block":1,"zombierool:m_1911_weapon":1,"zombierool:restrict":9,"zombierool:zombie_spawn_egg":1,"zombierool:deco_planks":2,"minecraft:spruce_stairs":2,"zombierool:spawner_zombie":2,"minecraft:spruce_fence":1,"zombierool:glock_weapon":1,"zombierool:obstacle_door":2,"minecraft:iron_block":1,"zombierool:mystery_box":2,"zombierool:fnfal_weapon":1,"minecraft:spruce_trapdoor":1,"minecraft:spruce_planks":4,"zombierool:player_spawner":1,"minecraft:spruce_log":3,"zombierool:activator":2,"minecraft:stripped_spruce_wood":2,"zombierool:retro_cobblestone":1},"minecraft:mined":{"zombierool:deco_planks":209,"minecraft:spruce_planks":15,"zombierool:restrict":7,"zombierool:carved_stone":21,"minecraft:snow_block":701,"minecraft:spruce_trapdoor":2,"minecraft:grass_block":227,"minecraft:spruce_fence":3,"minecraft:spruce_leaves":13,"minecraft:spruce_stairs":6,"minecraft:oak_trapdoor":22,"minecraft:stripped_spruce_wood":118,"minecraft:spruce_log":457,"minecraft:stripped_spruce_log":2,"zombierool:permafrost_ice":20,"zombierool:path":21,"zombierool:retro_cobblestone":62,"minecraft:dirt":23,"minecraft:stone":100},"minecraft:used":{"zombierool:carved_stone":30,"minecraft:oak_fence":2,"minecraft:oak_trapdoor":57,"zombierool:spawner_zombie":42,"minecraft:cobblestone_stairs":7,"minecraft:snow_block":484,"minecraft:oak_planks":7,"minecraft:spruce_slab":86,"zombierool:steel_slate":8,"zombierool:power_switch":1,"zombierool:obstacle_door":47,"zombierool:traitor":1,"zombierool:punch_pack":1,"minecraft:andesite_slab":20,"minecraft:ender_pearl":10,"minecraft:spruce_planks":177,"minecraft:stone":24,"minecraft:redstone_block":3,"zombierool:storage_box":99,"minecraft:quartz_stairs":10,"minecraft:player_head":9,"minecraft:white_wool":2,"zombierool:perks_lower":7,"minecraft:debug_stick":6,"minecraft:spruce_leaves":3,"minecraft:orange_carpet":3,"minecraft:oak_slab":41,"zombierool:restrict":1022,"zombierool:buy_wall_weapon":12,"zombierool:darkbrick_stairs":4,"minecraft:spruce_stairs":70,"minecraft:blast_furnace":1,"minecraft:cobblestone_wall":2,"zombierool:deco_planks":10,"minecraft:pink_carpet":3,"minecraft:spruce_fence":60,"minecraft:spruce_log":281,"minecraft:stripped_spruce_log":11,"minecraft:redstone_torch":9,"minecraft:spruce_wood":10,"minecraft:black_concrete":43,"minecraft:red_wool":4,"zombierool:squarefloor":16,"minecraft:command_block":7,"minecraft:birch_fence_gate":1,"zombierool:punch_pack_corpse":25,"zombierool:retro_cobblestone":53,"zombierool:activator":12,"minecraft:lantern":14,"minecraft:iron_block":15,"minecraft:grass_block":77,"minecraft:oak_stairs":34,"minecraft:oak_button":1,"minecraft:barrier":3,"minecraft:quartz_block":6,"zombierool:defense_door":22,"minecraft:spruce_trapdoor":70,"minecraft:smooth_quartz":17,"minecraft:iron_door":1,"zombierool:player_spawner":12,"minecraft:spruce_sapling":354,"zombierool:zombie_pass":31,"minecraft:redstone_lamp":2,"minecraft:cobblestone":39,"minecraft:snow":286,"zombierool:zombie_spawn_egg":12,"zombierool:path":1040,"minecraft:white_banner":21,"minecraft:andesite_stairs":13,"minecraft:andesite":8,"minecraft:enchanted_golden_apple":2,"minecraft:stripped_spruce_wood":36}},"DataVersion":3465}