{"stats":{"minecraft:dropped":{"zombierool:der_wunderfizz":1,"minecraft:redstone_block":1},"minecraft:used":{"minecraft:redstone_block":1,"zombierool:der_wunderfizz":1},"minecraft:custom":{"minecraft:jump":4,"minecraft:time_since_rest":812,"minecraft:crouch_one_cm":40,"minecraft:leave_game":1,"minecraft:sprint_one_cm":1918,"minecraft:play_time":812,"minecraft:time_since_death":812,"minecraft:walk_one_cm":2860,"minecraft:sneak_time":17,"minecraft:total_world_time":954,"minecraft:drop":2,"minecraft:fly_one_cm":4782}},"DataVersion":3465}