{"stats":{"minecraft:custom":{"minecraft:time_since_rest":106548,"minecraft:sprint_one_cm":146093,"minecraft:walk_one_cm":256817,"minecraft:drop":12,"minecraft:fly_one_cm":532498,"minecraft:crouch_one_cm":1959,"minecraft:play_time":106548,"minecraft:sneak_time":1716,"minecraft:jump":221,"minecraft:leave_game":4,"minecraft:time_since_death":106548,"minecraft:total_world_time":118993},"minecraft:mined":{"zombierool:path":1,"zombierool:brick_stone":306,"minecraft:dirt":425,"minecraft:spruce_leaves":4,"minecraft:oak_planks":36,"minecraft:oak_wall_sign":2},"minecraft:used":{"zombierool:carved_stone":8,"minecraft:oak_fence":2,"zombierool:spawner_zombie":24,"minecraft:iron_bars":10,"zombierool:carved_slate":11,"zombierool:squarefloor":15,"minecraft:cobblestone_stairs":12,"zombierool:der_wunderfizz":3,"minecraft:flint_and_steel":21,"minecraft:lantern":6,"minecraft:grass_block":2,"minecraft:spruce_slab":2,"zombierool:old_planks":4,"minecraft:oak_sign":7,"zombierool:obstacle_door":14,"zombierool:defense_door":14,"minecraft:stone_slab":4,"zombierool:retro_gravel":53,"minecraft:stone":63,"minecraft:redstone_block":1,"zombierool:storage_box":14,"zombierool:player_spawner":6,"minecraft:spruce_sapling":112,"zombierool:brick_stone":198,"minecraft:dirt":8,"minecraft:cobblestone":70,"zombierool:path":252,"zombierool:restrict":104,"minecraft:stone_stairs":109,"zombierool:buy_wall_weapon":13,"minecraft:bone_meal":480,"minecraft:stripped_spruce_log":7},"minecraft:dropped":{"zombierool:path":3,"zombierool:der_wunderfizz":1,"zombierool:retro_gravel":1,"zombierool:brick_stone":2,"minecraft:oak_sign":59}},"DataVersion":3465}