{"stats":{"minecraft:custom":{"minecraft:time_since_rest":102288,"minecraft:sprint_one_cm":133026,"minecraft:walk_one_cm":243687,"minecraft:drop":6,"minecraft:fly_one_cm":526300,"minecraft:crouch_one_cm":1828,"minecraft:play_time":102288,"minecraft:sneak_time":1653,"minecraft:jump":214,"minecraft:leave_game":3,"minecraft:time_since_death":102288,"minecraft:total_world_time":114648},"minecraft:mined":{"zombierool:path":1,"zombierool:brick_stone":306,"minecraft:dirt":425,"minecraft:spruce_leaves":4,"minecraft:oak_planks":36,"minecraft:oak_wall_sign":2},"minecraft:used":{"zombierool:carved_stone":8,"minecraft:oak_fence":2,"zombierool:spawner_zombie":24,"minecraft:iron_bars":10,"zombierool:carved_slate":11,"zombierool:squarefloor":15,"minecraft:cobblestone_stairs":12,"zombierool:der_wunderfizz":1,"minecraft:flint_and_steel":21,"minecraft:lantern":6,"minecraft:grass_block":2,"minecraft:spruce_slab":2,"zombierool:old_planks":4,"minecraft:oak_sign":6,"zombierool:obstacle_door":14,"zombierool:defense_door":14,"minecraft:stone_slab":4,"zombierool:retro_gravel":53,"minecraft:stone":63,"minecraft:redstone_block":1,"zombierool:storage_box":14,"zombierool:player_spawner":6,"minecraft:spruce_sapling":112,"zombierool:brick_stone":197,"minecraft:dirt":8,"minecraft:cobblestone":70,"zombierool:path":243,"zombierool:restrict":104,"minecraft:stone_stairs":109,"zombierool:buy_wall_weapon":13,"zombierool:gray_mosaic":1,"minecraft:bone_meal":480,"minecraft:stripped_spruce_log":7},"minecraft:dropped":{"zombierool:path":1,"zombierool:retro_gravel":1,"minecraft:oak_sign":58}},"DataVersion":3465}