{
    "ambient_loop": {
        "sounds": [
            {
                "name": "zombierool:ambient_loop_0",
                "stream": true
            }
        ]
    },
    "next_wave_zombie": {
        "sounds": [
            {
                "name": "zombierool:next_wave_zombie_0",
                "stream": true
            },
            {
                "name": "zombierool:next_wave_zombie_1",
                "stream": true
            },
            {
                "name": "zombierool:next_wave_zombie_2",
                "stream": true
            },
            {
                "name": "zombierool:next_wave_zombie_3",
                "stream": true
            },
            {
                "name": "zombierool:next_wave_zombie_4",
                "stream": true
            }
        ]
    }
}