{"stats":{"minecraft:killed":{"zombierool:zombie":3},"minecraft:custom":{"minecraft:mob_kills":3,"minecraft:leave_game":19,"minecraft:time_since_death":281510,"minecraft:damage_resisted":20,"minecraft:sprint_one_cm":739388,"minecraft:walk_one_cm":1028958,"minecraft:drop":211,"minecraft:play_time":543260,"minecraft:deaths":2,"minecraft:sneak_time":11626,"minecraft:jump":1112,"minecraft:total_world_time":562836,"minecraft:time_since_rest":281538,"minecraft:damage_taken":150,"minecraft:damage_absorbed":80,"minecraft:fly_one_cm":2278425,"minecraft:open_chest":55,"minecraft:crouch_one_cm":12440},"minecraft:dropped":{"zombierool:trench_gun_weapon":1,"minecraft:oak_slab":4,"zombierool:limit":3,"zombierool:stg_44_weapon":1,"zombierool:buy_wall_weapon":5,"minecraft:oak_log":3,"minecraft:smooth_quartz_stairs":1,"minecraft:crafting_table":1,"minecraft:cobblestone":2,"zombierool:scar_h_weapon":1,"minecraft:lantern":1,"zombierool:perks_lower":2,"minecraft:command_block":1,"zombierool:zombie_spawn_egg":3,"zombierool:spawner_zombie":2,"zombierool:obstacle_door":4,"minecraft:cobblestone_stairs":1,"zombierool:brick_granite_stair":1,"minecraft:iron_block":1,"minecraft:dirt":2,"zombierool:springfield_weapon":1,"zombierool:retro_cobblestone_stairs":1,"zombierool:mystery_box":1,"zombierool:beta_activator":1,"zombierool:retro_gravel":5,"zombierool:defense_door":3,"minecraft:iron_door":4,"minecraft:smooth_quartz_slab":1,"zombierool:alpha_activator":1,"minecraft:white_banner":1,"minecraft:black_concrete":8,"minecraft:smooth_stone":5,"zombierool:activator":1,"minecraft:redstone_block":1,"zombierool:path":26,"minecraft:gravel":1,"zombierool:brick_granite":1,"minecraft:coarse_dirt":3,"zombierool:storage_box":1,"minecraft:smooth_stone_slab":1,"minecraft:sticky_piston":1,"minecraft:oak_planks":2,"zombierool:omega_activator":1,"zombierool:vector_weapon":1,"minecraft:waxed_exposed_cut_copper":1,"minecraft:debug_stick":1,"zombierool:restrict":18,"minecraft:flint_and_steel":3,"zombierool:m_16_a_4_weapon":1,"minecraft:stone":12,"minecraft:mud_bricks":10,"zombierool:deco_stone_2":5,"minecraft:quartz_stairs":1,"minecraft:chest":2,"minecraft:spruce_wood":3,"zombierool:player_spawner":3,"zombierool:zombie_pass":1,"minecraft:spruce_log":2,"minecraft:iron_bars":4,"zombierool:retro_cobblestone":1,"minecraft:netherrack":1,"minecraft:quartz_slab":1},"minecraft:mined":{"zombierool:retro_gravel":10,"minecraft:grass_block":1,"zombierool:brick_granite":64,"minecraft:mud_bricks":806,"minecraft:smooth_stone":26,"minecraft:stripped_spruce_log":144,"minecraft:iron_bars":29,"minecraft:stone":242,"zombierool:deco_stone_2":157,"zombierool:defense_door":1,"minecraft:cobblestone":14,"minecraft:oak_planks":25,"minecraft:coarse_dirt":213,"minecraft:oak_log":125,"minecraft:smooth_quartz":72,"minecraft:dirt":2,"minecraft:waxed_exposed_cut_copper":230},"minecraft:used":{"minecraft:oak_fence":4,"minecraft:waxed_exposed_cut_copper":13,"minecraft:iron_bars":88,"minecraft:flint_and_steel":345,"zombierool:brick_granite_wall":1,"minecraft:smooth_quartz_slab":11,"minecraft:spruce_slab":3,"minecraft:redstone":79,"zombierool:tile_block":21,"minecraft:oak_sign":1,"zombierool:punch_pack":1,"zombierool:power_switch":1,"zombierool:traitor":2,"minecraft:chest":4,"zombierool:retro_gravel":553,"zombierool:ultima_activator":1,"minecraft:stone":332,"zombierool:storage_box":42,"minecraft:quartz_stairs":2,"zombierool:alpha_receptor":2,"minecraft:netherrack":38,"minecraft:debug_stick":20,"minecraft:torch":3,"minecraft:dirt":12,"minecraft:spruce_stairs":1,"minecraft:jungle_slab":2,"minecraft:stone_stairs":24,"zombierool:brick_stone_stairs":3,"zombierool:machine_block":3,"minecraft:andesite_wall":44,"zombierool:alpha_activator":1,"zombierool:ultima_receptor":2,"minecraft:lantern":2,"zombierool:activator":13,"minecraft:quartz_slab":1,"minecraft:spruce_wood":15,"minecraft:iron_block":59,"minecraft:grass_block":2,"minecraft:spawner":16,"zombierool:defense_door":53,"zombierool:beta_activator":2,"minecraft:mud_bricks":177,"zombierool:zombie_pass":17,"zombierool:brick_granite":57,"minecraft:repeater":15,"minecraft:redstone_lamp":5,"minecraft:iron_trapdoor":3,"zombierool:path":1089,"minecraft:enchanted_golden_apple":1,"zombierool:spawner_zombie":48,"minecraft:cobblestone_stairs":53,"minecraft:oak_planks":22,"zombierool:obstacle_door":149,"minecraft:ender_pearl":8,"minecraft:redstone_block":2,"zombierool:deco_stone_2":46,"zombierool:modern_furnace":9,"zombierool:perks_lower":16,"minecraft:smooth_quartz_stairs":2,"minecraft:comparator":5,"minecraft:oak_slab":94,"minecraft:crafting_table":2,"zombierool:restrict":899,"zombierool:buy_wall_weapon":25,"minecraft:spruce_log":68,"minecraft:dark_oak_door":2,"minecraft:redstone_torch":12,"minecraft:oak_log":16,"minecraft:sticky_piston":10,"minecraft:piston":7,"minecraft:lever":10,"zombierool:limit":15,"minecraft:black_concrete":44,"zombierool:whitebrick":8,"zombierool:punch_pack_corpse":8,"minecraft:command_block":18,"zombierool:beta_receptor":3,"minecraft:oak_button":1,"minecraft:barrier":2,"minecraft:stone_button":14,"minecraft:jungle_stairs":1,"zombierool:brick_granite_stair":27,"minecraft:iron_door":24,"zombierool:player_spawner":6,"minecraft:cut_red_sandstone":1,"minecraft:gravel":52,"zombierool:omega_receptor":2,"zombierool:deco_stone_2_stairs":3,"minecraft:cobblestone":191,"zombierool:zombie_spawn_egg":3,"minecraft:white_banner":18,"minecraft:smooth_stone_slab":41,"minecraft:coarse_dirt":25,"zombierool:omega_activator":3,"minecraft:smooth_stone":135}},"DataVersion":3465}